beat,num_incidents_firearm,num_passive_resistor,num_active_resistor,num_assailant_assault,num_assailant_assault/battery,num_assailant_battery,num_assailant_deadly_force,num_hispanic,num_black,num_asian,num_white,num_other,num_native,num_member_fired_first,num_other_fired_first,num_offender_fired_first,num_other_force,num_physical_force-holding/taser_display,num_physical_force-stunning/chemical,"num_impact_weapon/taser/physical_force-direct_mechanical,",num_firearm,num_incidents_injury,num_incidents_pb_1,num_incidents_pb_2,num_trr,num_incidents_pb_3
111,3.0,0.0,17.0,2.0,1.0,0.0,3.0,1.0,18.0,0.0,4.0,0.0,0.0,0.0,0.0,3.0,0.0,1.0,18.0,1.0,3.0,23.0,23.0,23.0,23.0,23.0
112,0.0,0.0,9.0,2.0,3.0,0.0,0.0,0.0,8.0,0.0,6.0,0.0,0.0,1.0,0.0,0.0,0.0,1.0,10.0,3.0,0.0,14.0,14.0,14.0,14.0,14.0
113,0.0,0.0,8.0,4.0,1.0,0.0,0.0,0.0,8.0,0.0,5.0,0.0,0.0,1.0,0.0,0.0,0.0,1.0,10.0,2.0,0.0,13.0,13.0,13.0,13.0,13.0
114,0.0,0.0,8.0,2.0,1.0,0.0,0.0,2.0,3.0,0.0,6.0,0.0,0.0,2.0,0.0,0.0,0.0,0.0,8.0,3.0,0.0,11.0,11.0,11.0,11.0,11.0
121,0.0,0.0,2.0,0.0,1.0,0.0,0.0,1.0,2.0,0.0,0.0,0.0,0.0,0.0,0.0,0.0,0.0,1.0,1.0,1.0,0.0,3.0,3.0,3.0,3.0,3.0
122,3.0,1.0,18.0,2.0,1.0,0.0,3.0,0.0,19.0,1.0,5.0,0.0,0.0,6.0,0.0,0.0,0.0,2.0,16.0,4.0,3.0,25.0,25.0,25.0,25.0,25.0
123,0.0,0.0,25.0,3.0,0.0,0.0,0.0,4.0,16.0,3.0,5.0,0.0,0.0,2.0,0.0,0.0,0.0,3.0,23.0,2.0,0.0,28.0,28.0,28.0,28.0,28.0
124,0.0,0.0,20.0,3.0,5.0,0.0,0.0,2.0,15.0,0.0,11.0,0.0,0.0,4.0,0.0,0.0,0.0,0.0,19.0,9.0,0.0,28.0,28.0,28.0,28.0,28.0
131,0.0,0.0,24.0,6.0,2.0,0.0,0.0,4.0,21.0,0.0,7.0,0.0,0.0,1.0,0.0,0.0,0.0,3.0,26.0,3.0,0.0,32.0,32.0,32.0,32.0,32.0
132,0.0,1.0,33.0,7.0,1.0,0.0,0.0,3.0,34.0,0.0,5.0,0.0,0.0,2.0,0.0,0.0,0.0,2.0,38.0,2.0,0.0,42.0,42.0,42.0,42.0,42.0
133,0.0,0.0,15.0,5.0,2.0,0.0,0.0,2.0,12.0,1.0,7.0,0.0,0.0,2.0,0.0,0.0,0.0,1.0,17.0,4.0,0.0,22.0,22.0,22.0,22.0,22.0
134,,,,,,,,,,,,,,,,,,,,,,,,,60.0,
211,1.0,0.0,14.0,2.0,2.0,0.0,1.0,0.0,18.0,1.0,0.0,0.0,0.0,2.0,0.0,0.0,0.0,1.0,14.0,3.0,1.0,19.0,19.0,19.0,19.0,19.0
212,3.0,0.0,24.0,6.0,4.0,0.0,3.0,0.0,35.0,0.0,1.0,1.0,0.0,5.0,0.0,2.0,0.0,3.0,24.0,7.0,3.0,37.0,37.0,37.0,37.0,37.0
213,2.0,1.0,15.0,6.0,1.0,0.0,2.0,0.0,25.0,0.0,0.0,0.0,0.0,2.0,0.0,0.0,0.0,1.0,21.0,1.0,2.0,25.0,25.0,25.0,25.0,25.0
214,0.0,0.0,17.0,2.0,1.0,0.0,0.0,0.0,20.0,0.0,0.0,0.0,0.0,3.0,0.0,0.0,0.0,1.0,14.0,5.0,0.0,20.0,20.0,20.0,20.0,20.0
215,0.0,0.0,5.0,0.0,0.0,0.0,0.0,0.0,5.0,0.0,0.0,0.0,0.0,1.0,0.0,0.0,0.0,0.0,4.0,1.0,0.0,5.0,5.0,5.0,5.0,5.0
221,2.0,0.0,4.0,5.0,2.0,0.0,2.0,0.0,13.0,0.0,0.0,0.0,0.0,5.0,1.0,0.0,0.0,0.0,6.0,5.0,2.0,13.0,13.0,13.0,13.0,13.0
222,4.0,0.0,11.0,1.0,2.0,0.0,4.0,0.0,18.0,0.0,0.0,0.0,0.0,5.0,0.0,0.0,0.0,0.0,10.0,4.0,4.0,18.0,18.0,18.0,18.0,18.0
223,0.0,0.0,17.0,3.0,3.0,0.0,0.0,0.0,21.0,0.0,0.0,2.0,0.0,0.0,0.0,0.0,0.0,2.0,16.0,5.0,0.0,23.0,23.0,23.0,23.0,23.0
224,3.0,0.0,13.0,2.0,1.0,0.0,3.0,0.0,18.0,0.0,0.0,1.0,0.0,5.0,1.0,0.0,0.0,0.0,13.0,3.0,3.0,19.0,19.0,19.0,19.0,19.0
225,0.0,0.0,9.0,1.0,1.0,0.0,0.0,0.0,11.0,0.0,0.0,0.0,0.0,0.0,0.0,0.0,0.0,2.0,8.0,1.0,0.0,11.0,11.0,11.0,11.0,11.0
231,0.0,0.0,6.0,2.0,2.0,0.0,0.0,0.0,10.0,0.0,0.0,0.0,0.0,1.0,0.0,0.0,0.0,0.0,6.0,4.0,0.0,10.0,10.0,10.0,10.0,10.0
232,2.0,0.0,35.0,7.0,3.0,0.0,2.0,0.0,47.0,0.0,0.0,0.0,0.0,6.0,0.0,1.0,0.0,5.0,33.0,7.0,2.0,47.0,47.0,47.0,47.0,47.0
233,8.0,0.0,22.0,5.0,6.0,0.0,8.0,0.0,39.0,0.0,0.0,2.0,0.0,9.0,1.0,4.0,0.0,1.0,22.0,10.0,8.0,41.0,41.0,41.0,41.0,41.0
234,4.0,0.0,9.0,2.0,2.0,0.0,4.0,0.0,17.0,0.0,0.0,0.0,0.0,5.0,0.0,0.0,0.0,0.0,10.0,3.0,4.0,17.0,17.0,17.0,17.0,17.0
235,0.0,0.0,1.0,0.0,0.0,0.0,0.0,0.0,1.0,0.0,0.0,0.0,0.0,0.0,0.0,0.0,0.0,0.0,1.0,0.0,0.0,1.0,1.0,1.0,1.0,1.0
311,2.0,0.0,26.0,2.0,5.0,0.0,2.0,2.0,32.0,0.0,0.0,1.0,0.0,1.0,0.0,2.0,0.0,0.0,27.0,6.0,2.0,35.0,35.0,35.0,35.0,35.0
312,6.0,1.0,46.0,4.0,11.0,0.0,6.0,0.0,68.0,0.0,0.0,0.0,0.0,5.0,1.0,3.0,0.0,1.0,46.0,15.0,6.0,68.0,68.0,68.0,68.0,68.0
313,2.0,0.0,40.0,8.0,3.0,0.0,2.0,1.0,52.0,0.0,0.0,0.0,0.0,5.0,0.0,0.0,0.0,1.0,43.0,7.0,2.0,53.0,53.0,53.0,53.0,53.0
314,0.0,0.0,12.0,5.0,0.0,0.0,0.0,0.0,17.0,0.0,0.0,0.0,0.0,2.0,0.0,0.0,0.0,2.0,12.0,3.0,0.0,17.0,17.0,17.0,17.0,17.0
321,6.0,0.0,67.0,15.0,8.0,0.0,6.0,1.0,95.0,0.0,0.0,0.0,0.0,13.0,1.0,0.0,0.0,5.0,69.0,16.0,6.0,96.0,96.0,96.0,96.0,96.0
322,6.0,0.0,42.0,4.0,6.0,0.0,6.0,0.0,57.0,0.0,1.0,0.0,0.0,14.0,0.0,1.0,0.0,7.0,30.0,15.0,6.0,58.0,58.0,58.0,58.0,58.0
323,8.0,1.0,56.0,11.0,5.0,0.0,8.0,0.0,79.0,0.0,0.0,2.0,0.0,9.0,0.0,6.0,0.0,2.0,56.0,15.0,8.0,81.0,81.0,81.0,81.0,81.0
324,1.0,0.0,45.0,7.0,2.0,0.0,1.0,1.0,53.0,0.0,0.0,1.0,0.0,7.0,0.0,0.0,0.0,2.0,43.0,9.0,1.0,55.0,55.0,55.0,55.0,55.0
331,1.0,0.0,26.0,9.0,2.0,0.0,1.0,0.0,35.0,0.0,1.0,2.0,0.0,6.0,0.0,0.0,0.0,0.0,30.0,7.0,1.0,38.0,38.0,38.0,38.0,38.0
332,5.0,0.0,33.0,5.0,2.0,0.0,5.0,0.0,45.0,0.0,0.0,0.0,0.0,7.0,0.0,1.0,0.0,1.0,31.0,8.0,5.0,45.0,45.0,45.0,45.0,45.0
333,5.0,0.0,21.0,5.0,1.0,0.0,5.0,1.0,31.0,0.0,0.0,0.0,0.0,8.0,0.0,0.0,0.0,2.0,20.0,5.0,5.0,32.0,32.0,32.0,32.0,32.0
334,1.0,2.0,24.0,6.0,4.0,0.0,1.0,0.0,35.0,0.0,0.0,2.0,0.0,7.0,0.0,0.0,0.0,4.0,20.0,12.0,1.0,37.0,37.0,37.0,37.0,37.0
411,7.0,1.0,18.0,10.0,1.0,0.0,7.0,3.0,34.0,0.0,0.0,0.0,0.0,12.0,0.0,1.0,0.0,5.0,17.0,8.0,7.0,37.0,37.0,37.0,37.0,37.0
412,3.0,0.0,26.0,5.0,2.0,0.0,3.0,0.0,35.0,1.0,0.0,0.0,0.0,7.0,0.0,0.0,0.0,0.0,26.0,7.0,3.0,36.0,36.0,36.0,36.0,36.0
413,3.0,0.0,21.0,11.0,6.0,0.0,3.0,1.0,39.0,0.0,0.0,1.0,0.0,6.0,0.0,3.0,0.0,1.0,23.0,14.0,3.0,41.0,41.0,41.0,41.0,41.0
414,5.0,0.0,37.0,8.0,3.0,0.0,5.0,1.0,51.0,0.0,0.0,1.0,0.0,9.0,0.0,1.0,0.0,2.0,40.0,6.0,5.0,53.0,53.0,53.0,53.0,53.0
421,7.0,1.0,61.0,22.0,16.0,0.0,7.0,0.0,106.0,0.0,1.0,0.0,0.0,17.0,1.0,0.0,0.0,6.0,65.0,29.0,7.0,107.0,107.0,107.0,107.0,107.0
422,9.0,0.0,41.0,13.0,2.0,0.0,9.0,0.0,62.0,0.0,2.0,1.0,0.0,10.0,2.0,0.0,0.0,2.0,46.0,8.0,9.0,65.0,65.0,65.0,65.0,65.0
423,4.0,0.0,64.0,8.0,12.0,0.0,4.0,11.0,76.0,0.0,0.0,1.0,0.0,11.0,0.0,3.0,0.0,3.0,59.0,22.0,4.0,88.0,88.0,88.0,88.0,88.0
424,8.0,0.0,31.0,5.0,9.0,0.0,8.0,15.0,35.0,0.0,3.0,0.0,0.0,10.0,0.0,2.0,0.0,2.0,31.0,12.0,8.0,53.0,53.0,53.0,53.0,53.0
431,2.0,0.0,33.0,4.0,5.0,0.0,2.0,8.0,30.0,0.0,3.0,3.0,0.0,6.0,1.0,2.0,0.0,0.0,32.0,10.0,2.0,44.0,44.0,44.0,44.0,44.0
432,5.0,0.0,30.0,8.0,7.0,0.0,5.0,33.0,10.0,0.0,6.0,1.0,0.0,8.0,0.0,0.0,0.0,1.0,34.0,10.0,5.0,50.0,50.0,50.0,50.0,50.0
433,2.0,0.0,13.0,3.0,5.0,0.0,2.0,9.0,9.0,0.0,4.0,1.0,0.0,1.0,0.0,2.0,0.0,3.0,11.0,7.0,2.0,23.0,23.0,23.0,23.0,23.0
434,1.0,2.0,19.0,14.0,5.0,0.0,1.0,7.0,30.0,0.0,2.0,2.0,0.0,5.0,0.0,0.0,0.0,5.0,26.0,9.0,1.0,41.0,41.0,41.0,41.0,41.0
511,5.0,0.0,40.0,10.0,9.0,0.0,5.0,0.0,64.0,0.0,0.0,0.0,0.0,10.0,0.0,1.0,0.0,1.0,46.0,12.0,5.0,64.0,64.0,64.0,64.0,64.0
512,5.0,0.0,45.0,8.0,10.0,0.0,5.0,0.0,68.0,0.0,0.0,0.0,0.0,9.0,0.0,0.0,0.0,3.0,47.0,13.0,5.0,68.0,68.0,68.0,68.0,68.0
513,5.0,0.0,31.0,7.0,10.0,0.0,5.0,0.0,52.0,0.0,0.0,1.0,0.0,7.0,1.0,2.0,0.0,2.0,34.0,12.0,5.0,53.0,53.0,53.0,53.0,53.0
522,8.0,0.0,64.0,13.0,5.0,0.0,8.0,0.0,90.0,0.0,0.0,0.0,0.0,14.0,0.0,0.0,0.0,3.0,64.0,15.0,8.0,90.0,90.0,90.0,90.0,90.0
523,5.0,0.0,28.0,5.0,7.0,0.0,5.0,0.0,43.0,0.0,0.0,2.0,0.0,6.0,0.0,3.0,0.0,4.0,26.0,10.0,5.0,45.0,45.0,45.0,45.0,45.0
524,2.0,0.0,20.0,8.0,2.0,0.0,2.0,0.0,31.0,0.0,0.0,1.0,0.0,2.0,0.0,2.0,0.0,0.0,24.0,6.0,2.0,32.0,32.0,32.0,32.0,32.0
531,5.0,2.0,55.0,27.0,10.0,0.0,5.0,5.0,91.0,0.0,3.0,0.0,0.0,14.0,1.0,0.0,0.0,13.0,61.0,20.0,5.0,99.0,99.0,99.0,99.0,99.0
532,0.0,0.0,33.0,15.0,8.0,0.0,0.0,8.0,46.0,0.0,2.0,0.0,0.0,6.0,0.0,0.0,0.0,1.0,42.0,13.0,0.0,56.0,56.0,56.0,56.0,56.0
533,2.0,0.0,27.0,4.0,7.0,0.0,2.0,0.0,40.0,0.0,0.0,0.0,0.0,4.0,0.0,0.0,0.0,1.0,27.0,10.0,2.0,40.0,40.0,40.0,40.0,40.0
611,4.0,0.0,40.0,8.0,6.0,0.0,4.0,0.0,57.0,0.0,0.0,1.0,0.0,12.0,1.0,1.0,0.0,4.0,35.0,15.0,4.0,58.0,58.0,58.0,58.0,58.0
612,12.0,0.0,50.0,16.0,9.0,0.0,12.0,0.0,81.0,0.0,5.0,1.0,0.0,10.0,0.0,10.0,0.0,5.0,50.0,20.0,12.0,87.0,87.0,87.0,87.0,87.0
613,3.0,0.0,34.0,5.0,6.0,0.0,3.0,0.0,48.0,0.0,0.0,0.0,0.0,5.0,0.0,1.0,0.0,4.0,32.0,9.0,3.0,48.0,48.0,48.0,48.0,48.0
614,1.0,0.0,27.0,1.0,10.0,0.0,1.0,0.0,39.0,0.0,0.0,0.0,0.0,4.0,0.0,0.0,0.0,1.0,20.0,17.0,1.0,39.0,39.0,39.0,39.0,39.0
621,3.0,1.0,93.0,21.0,13.0,0.0,3.0,0.0,130.0,0.0,0.0,1.0,0.0,10.0,1.0,0.0,0.0,16.0,89.0,23.0,3.0,131.0,131.0,131.0,131.0,131.0
622,1.0,1.0,10.0,4.0,2.0,0.0,1.0,0.0,18.0,0.0,0.0,0.0,0.0,6.0,0.0,0.0,0.0,1.0,8.0,8.0,1.0,18.0,18.0,18.0,18.0,18.0
623,7.0,0.0,49.0,2.0,9.0,0.0,7.0,0.0,66.0,0.0,0.0,1.0,0.0,12.0,0.0,1.0,0.0,3.0,36.0,21.0,7.0,67.0,67.0,67.0,67.0,67.0
624,10.0,0.0,93.0,8.0,13.0,0.0,10.0,1.0,120.0,0.0,2.0,1.0,0.0,23.0,0.0,3.0,0.0,7.0,77.0,30.0,10.0,124.0,124.0,124.0,124.0,124.0
631,2.0,0.0,34.0,10.0,2.0,0.0,2.0,0.0,48.0,0.0,0.0,0.0,0.0,8.0,0.0,0.0,0.0,3.0,34.0,9.0,2.0,48.0,48.0,48.0,48.0,48.0
632,7.0,1.0,28.0,5.0,10.0,0.0,7.0,0.0,48.0,0.0,0.0,3.0,0.0,11.0,0.0,1.0,0.0,4.0,26.0,14.0,7.0,51.0,51.0,51.0,51.0,51.0
633,0.0,0.0,17.0,11.0,2.0,0.0,0.0,0.0,30.0,0.0,0.0,0.0,0.0,6.0,0.0,0.0,0.0,1.0,20.0,9.0,0.0,30.0,30.0,30.0,30.0,30.0
634,2.0,0.0,49.0,7.0,7.0,0.0,2.0,0.0,62.0,0.0,0.0,3.0,0.0,5.0,1.0,0.0,0.0,4.0,48.0,11.0,2.0,65.0,65.0,65.0,65.0,65.0
711,4.0,0.0,20.0,8.0,8.0,0.0,4.0,0.0,38.0,0.0,2.0,0.0,0.0,8.0,1.0,1.0,0.0,1.0,20.0,15.0,4.0,40.0,40.0,40.0,40.0,40.0
712,10.0,2.0,45.0,10.0,18.0,0.0,10.0,0.0,84.0,0.0,0.0,1.0,0.0,12.0,0.0,0.0,0.0,6.0,46.0,23.0,10.0,85.0,85.0,85.0,85.0,85.0
713,7.0,2.0,53.0,27.0,18.0,0.0,7.0,1.0,105.0,0.0,0.0,1.0,0.0,16.0,0.0,3.0,0.0,4.0,62.0,34.0,7.0,107.0,107.0,107.0,107.0,107.0
714,2.0,1.0,13.0,4.0,2.0,0.0,2.0,1.0,20.0,0.0,0.0,1.0,0.0,3.0,0.0,0.0,0.0,1.0,14.0,5.0,2.0,22.0,22.0,22.0,22.0,22.0
715,1.0,0.0,23.0,12.0,6.0,0.0,1.0,0.0,39.0,0.0,1.0,2.0,0.0,1.0,0.0,0.0,0.0,1.0,32.0,8.0,1.0,42.0,42.0,42.0,42.0,42.0
722,0.0,0.0,18.0,4.0,7.0,0.0,0.0,0.0,29.0,0.0,0.0,0.0,0.0,3.0,0.0,0.0,0.0,2.0,20.0,7.0,0.0,29.0,29.0,29.0,29.0,29.0
723,1.0,3.0,56.0,12.0,6.0,0.0,1.0,2.0,76.0,0.0,0.0,0.0,0.0,13.0,0.0,0.0,0.0,5.0,60.0,12.0,1.0,78.0,78.0,78.0,78.0,78.0
724,8.0,0.0,30.0,12.0,8.0,0.0,8.0,0.0,58.0,0.0,0.0,0.0,0.0,9.0,1.0,4.0,0.0,2.0,35.0,13.0,8.0,58.0,58.0,58.0,58.0,58.0
725,9.0,0.0,49.0,7.0,4.0,0.0,9.0,2.0,65.0,1.0,1.0,0.0,0.0,7.0,0.0,5.0,0.0,0.0,51.0,9.0,9.0,69.0,69.0,69.0,69.0,69.0
726,4.0,0.0,32.0,2.0,4.0,0.0,4.0,2.0,40.0,0.0,0.0,0.0,0.0,6.0,0.0,1.0,0.0,3.0,26.0,9.0,4.0,42.0,42.0,42.0,42.0,42.0
731,1.0,1.0,42.0,6.0,5.0,0.0,1.0,0.0,55.0,0.0,0.0,0.0,0.0,5.0,0.0,1.0,0.0,2.0,40.0,12.0,1.0,55.0,55.0,55.0,55.0,55.0
732,3.0,0.0,33.0,4.0,3.0,0.0,3.0,1.0,42.0,0.0,0.0,0.0,0.0,4.0,0.0,0.0,0.0,5.0,29.0,6.0,3.0,43.0,43.0,43.0,43.0,43.0
733,6.0,0.0,21.0,14.0,12.0,0.0,6.0,0.0,53.0,0.0,0.0,0.0,0.0,6.0,0.0,2.0,0.0,2.0,29.0,16.0,6.0,53.0,53.0,53.0,53.0,53.0
734,4.0,1.0,23.0,2.0,4.0,0.0,4.0,1.0,33.0,0.0,0.0,0.0,0.0,5.0,0.0,0.0,0.0,2.0,21.0,7.0,4.0,34.0,34.0,34.0,34.0,34.0
735,4.0,0.0,35.0,12.0,5.0,0.0,4.0,0.0,56.0,0.0,0.0,0.0,0.0,10.0,1.0,1.0,0.0,2.0,36.0,14.0,4.0,56.0,56.0,56.0,56.0,56.0
811,1.0,1.0,39.0,3.0,1.0,0.0,1.0,25.0,1.0,0.0,17.0,2.0,0.0,7.0,0.0,0.0,0.0,3.0,31.0,10.0,1.0,45.0,45.0,45.0,45.0,45.0
812,1.0,2.0,11.0,3.0,3.0,0.0,1.0,10.0,0.0,0.0,10.0,0.0,0.0,4.0,0.0,0.0,0.0,4.0,10.0,5.0,1.0,20.0,20.0,20.0,20.0,20.0
813,0.0,2.0,23.0,3.0,1.0,0.0,0.0,15.0,2.0,0.0,12.0,0.0,0.0,4.0,0.0,0.0,0.0,6.0,18.0,5.0,0.0,29.0,29.0,29.0,29.0,29.0
814,1.0,2.0,12.0,6.0,1.0,0.0,1.0,7.0,10.0,0.0,5.0,0.0,0.0,3.0,0.0,0.0,0.0,3.0,15.0,3.0,1.0,22.0,22.0,22.0,22.0,22.0
815,0.0,0.0,14.0,9.0,2.0,0.0,0.0,10.0,3.0,1.0,10.0,1.0,0.0,6.0,0.0,0.0,0.0,1.0,16.0,8.0,0.0,25.0,25.0,25.0,25.0,25.0
821,1.0,0.0,20.0,3.0,2.0,0.0,1.0,21.0,2.0,0.0,3.0,0.0,0.0,6.0,0.0,0.0,0.0,1.0,18.0,6.0,1.0,26.0,26.0,26.0,26.0,26.0
822,2.0,0.0,20.0,6.0,0.0,0.0,2.0,21.0,3.0,0.0,4.0,0.0,0.0,9.0,0.0,1.0,0.0,1.0,16.0,9.0,2.0,28.0,28.0,28.0,28.0,28.0
823,2.0,1.0,59.0,18.0,12.0,0.0,2.0,30.0,45.0,2.0,13.0,2.0,0.0,11.0,1.0,1.0,0.0,5.0,57.0,28.0,2.0,92.0,92.0,92.0,92.0,92.0
824,7.0,1.0,32.0,9.0,3.0,0.0,7.0,29.0,22.0,0.0,1.0,0.0,0.0,15.0,0.0,0.0,0.0,3.0,28.0,14.0,7.0,52.0,52.0,52.0,52.0,52.0
825,4.0,0.0,38.0,15.0,5.0,0.0,4.0,3.0,57.0,0.0,2.0,0.0,0.0,14.0,1.0,0.0,0.0,1.0,41.0,16.0,4.0,62.0,62.0,62.0,62.0,62.0
831,0.0,0.0,32.0,10.0,6.0,0.0,0.0,11.0,35.0,0.0,1.0,1.0,0.0,5.0,0.0,0.0,0.0,1.0,34.0,13.0,0.0,48.0,48.0,48.0,48.0,48.0
832,2.0,0.0,48.0,3.0,2.0,0.0,2.0,0.0,52.0,0.0,2.0,1.0,0.0,5.0,0.0,0.0,0.0,1.0,46.0,6.0,2.0,55.0,55.0,55.0,55.0,55.0
833,2.0,0.0,21.0,6.0,3.0,0.0,2.0,15.0,11.0,0.0,6.0,0.0,0.0,7.0,0.0,0.0,0.0,3.0,18.0,9.0,2.0,32.0,32.0,32.0,32.0,32.0
834,1.0,0.0,19.0,3.0,5.0,0.0,1.0,6.0,20.0,1.0,1.0,0.0,0.0,4.0,0.0,0.0,0.0,2.0,15.0,10.0,1.0,28.0,28.0,28.0,28.0,28.0
835,4.0,0.0,27.0,7.0,1.0,0.0,4.0,5.0,28.0,0.0,6.0,0.0,0.0,7.0,0.0,0.0,0.0,0.0,32.0,3.0,4.0,39.0,39.0,39.0,39.0,39.0
911,2.0,0.0,13.0,6.0,2.0,0.0,2.0,15.0,3.0,0.0,4.0,1.0,0.0,4.0,1.0,0.0,0.0,0.0,16.0,5.0,2.0,23.0,23.0,23.0,23.0,23.0
912,2.0,0.0,34.0,14.0,4.0,0.0,2.0,39.0,8.0,0.0,7.0,0.0,0.0,9.0,0.0,1.0,0.0,1.0,40.0,11.0,2.0,54.0,54.0,54.0,54.0,54.0
913,0.0,1.0,31.0,2.0,1.0,0.0,0.0,21.0,6.0,0.0,8.0,0.0,0.0,1.0,2.0,0.0,0.0,1.0,33.0,1.0,0.0,35.0,35.0,35.0,35.0,35.0
914,2.0,1.0,51.0,7.0,10.0,0.0,2.0,37.0,15.0,3.0,12.0,4.0,0.0,11.0,1.0,0.0,0.0,7.0,44.0,18.0,2.0,71.0,71.0,71.0,71.0,71.0
915,4.0,0.0,43.0,14.0,3.0,0.0,4.0,18.0,37.0,0.0,4.0,5.0,0.0,10.0,0.0,1.0,0.0,3.0,49.0,8.0,4.0,64.0,64.0,64.0,64.0,64.0
921,1.0,1.0,21.0,2.0,3.0,0.0,1.0,11.0,17.0,0.0,0.0,0.0,0.0,4.0,0.0,0.0,0.0,2.0,21.0,4.0,1.0,28.0,28.0,28.0,28.0,28.0
922,0.0,0.0,33.0,5.0,2.0,0.0,0.0,28.0,7.0,0.0,5.0,0.0,0.0,3.0,0.0,0.0,0.0,2.0,32.0,6.0,0.0,40.0,40.0,40.0,40.0,40.0
923,3.0,0.0,15.0,4.0,0.0,0.0,3.0,8.0,6.0,0.0,8.0,0.0,0.0,5.0,0.0,0.0,0.0,0.0,18.0,1.0,3.0,22.0,22.0,22.0,22.0,22.0
924,2.0,0.0,35.0,4.0,5.0,0.0,2.0,17.0,11.0,0.0,14.0,4.0,0.0,1.0,0.0,2.0,0.0,3.0,33.0,8.0,2.0,46.0,46.0,46.0,46.0,46.0
925,3.0,0.0,35.0,10.0,10.0,0.0,3.0,15.0,33.0,0.0,10.0,0.0,0.0,7.0,0.0,0.0,0.0,0.0,42.0,13.0,3.0,58.0,58.0,58.0,58.0,58.0
931,3.0,0.0,19.0,9.0,2.0,0.0,3.0,19.0,12.0,0.0,2.0,0.0,0.0,2.0,0.0,2.0,0.0,3.0,24.0,3.0,3.0,33.0,33.0,33.0,33.0,33.0
932,1.0,0.0,26.0,7.0,3.0,0.0,1.0,1.0,36.0,0.0,0.0,0.0,0.0,7.0,0.0,0.0,0.0,1.0,26.0,9.0,1.0,37.0,37.0,37.0,37.0,37.0
933,2.0,0.0,35.0,13.0,2.0,0.0,2.0,13.0,36.0,0.0,3.0,0.0,0.0,5.0,0.0,0.0,0.0,7.0,38.0,5.0,2.0,52.0,52.0,52.0,52.0,52.0
934,2.0,0.0,57.0,6.0,8.0,0.0,2.0,0.0,72.0,0.0,0.0,1.0,0.0,12.0,0.0,0.0,0.0,2.0,57.0,12.0,2.0,73.0,73.0,73.0,73.0,73.0
935,0.0,1.0,38.0,11.0,5.0,0.0,0.0,5.0,37.0,0.0,13.0,0.0,0.0,3.0,0.0,0.0,0.0,5.0,41.0,9.0,0.0,55.0,55.0,55.0,55.0,55.0
1011,0.0,2.0,54.0,16.0,7.0,0.0,0.0,0.0,73.0,0.0,3.0,3.0,0.0,11.0,0.0,0.0,0.0,2.0,60.0,17.0,0.0,79.0,79.0,79.0,79.0,79.0
1012,9.0,1.0,55.0,4.0,6.0,0.0,9.0,4.0,66.0,0.0,5.0,0.0,0.0,12.0,0.0,4.0,0.0,2.0,52.0,12.0,9.0,75.0,75.0,75.0,75.0,75.0
1013,3.0,0.0,24.0,10.0,2.0,0.0,3.0,20.0,16.0,0.0,0.0,3.0,0.0,4.0,0.0,0.0,0.0,1.0,30.0,5.0,3.0,39.0,39.0,39.0,39.0,39.0
1014,5.0,0.0,41.0,16.0,2.0,0.0,5.0,1.0,63.0,0.0,0.0,0.0,0.0,12.0,0.0,3.0,0.0,1.0,41.0,17.0,5.0,64.0,64.0,64.0,64.0,64.0
1021,0.0,0.0,53.0,6.0,4.0,0.0,0.0,1.0,60.0,0.0,0.0,2.0,0.0,10.0,0.0,0.0,0.0,2.0,48.0,13.0,0.0,63.0,63.0,63.0,63.0,63.0
1022,8.0,1.0,41.0,18.0,8.0,0.0,8.0,7.0,64.0,1.0,2.0,2.0,0.0,18.0,1.0,1.0,0.0,7.0,42.0,19.0,8.0,76.0,76.0,76.0,76.0,76.0
1023,0.0,2.0,22.0,10.0,4.0,0.0,0.0,15.0,22.0,0.0,1.0,0.0,0.0,5.0,0.0,0.0,0.0,4.0,24.0,10.0,0.0,38.0,38.0,38.0,38.0,38.0
1024,4.0,2.0,47.0,21.0,13.0,0.0,4.0,47.0,37.0,1.0,1.0,1.0,0.0,11.0,1.0,0.0,0.0,8.0,50.0,25.0,4.0,87.0,87.0,87.0,87.0,87.0
1031,2.0,1.0,16.0,4.0,3.0,0.0,2.0,25.0,0.0,0.0,1.0,0.0,0.0,3.0,0.0,0.0,0.0,3.0,16.0,5.0,2.0,26.0,26.0,26.0,26.0,26.0
1032,0.0,0.0,13.0,7.0,5.0,0.0,0.0,24.0,0.0,0.0,1.0,0.0,0.0,2.0,0.0,0.0,0.0,0.0,18.0,7.0,0.0,25.0,25.0,25.0,25.0,25.0
1033,2.0,0.0,21.0,5.0,7.0,0.0,2.0,29.0,0.0,0.0,4.0,2.0,0.0,3.0,0.0,0.0,0.0,1.0,24.0,8.0,2.0,35.0,35.0,35.0,35.0,35.0
1034,8.0,2.0,24.0,11.0,9.0,0.0,8.0,29.0,17.0,0.0,6.0,2.0,0.0,12.0,0.0,0.0,0.0,2.0,29.0,15.0,8.0,54.0,54.0,54.0,54.0,54.0
1111,4.0,0.0,49.0,22.0,9.0,0.0,4.0,8.0,76.0,0.0,0.0,0.0,0.0,15.0,0.0,0.0,0.0,3.0,54.0,23.0,4.0,84.0,84.0,84.0,84.0,84.0
1112,9.0,0.0,85.0,16.0,14.0,0.0,9.0,11.0,108.0,0.0,4.0,1.0,0.0,21.0,2.0,0.0,0.0,3.0,89.0,23.0,9.0,124.0,124.0,124.0,124.0,124.0
1113,1.0,0.0,62.0,13.0,5.0,0.0,1.0,2.0,73.0,1.0,5.0,0.0,0.0,14.0,0.0,0.0,0.0,5.0,57.0,18.0,1.0,81.0,81.0,81.0,81.0,81.0
1114,1.0,0.0,33.0,9.0,2.0,0.0,1.0,1.0,43.0,0.0,0.0,1.0,0.0,7.0,0.0,0.0,0.0,0.0,38.0,6.0,1.0,45.0,45.0,45.0,45.0,45.0
1115,0.0,1.0,71.0,11.0,8.0,0.0,0.0,0.0,91.0,0.0,0.0,0.0,0.0,8.0,0.0,0.0,0.0,5.0,71.0,15.0,0.0,91.0,91.0,91.0,91.0,91.0
1121,13.0,0.0,71.0,14.0,8.0,0.0,13.0,6.0,96.0,0.0,4.0,0.0,0.0,24.0,1.0,0.0,0.0,2.0,72.0,19.0,13.0,106.0,106.0,106.0,106.0,106.0
1122,2.0,0.0,76.0,12.0,1.0,0.0,2.0,3.0,86.0,1.0,1.0,0.0,0.0,10.0,0.0,0.0,0.0,9.0,66.0,14.0,2.0,91.0,91.0,91.0,91.0,91.0
1123,2.0,1.0,49.0,14.0,8.0,0.0,2.0,1.0,71.0,0.0,1.0,1.0,0.0,8.0,0.0,1.0,0.0,5.0,53.0,14.0,2.0,74.0,74.0,74.0,74.0,74.0
1124,2.0,0.0,51.0,14.0,2.0,0.0,2.0,0.0,68.0,0.0,1.0,0.0,0.0,7.0,0.0,1.0,0.0,1.0,55.0,11.0,2.0,69.0,69.0,69.0,69.0,69.0
1125,2.0,0.0,25.0,6.0,0.0,0.0,2.0,0.0,31.0,0.0,2.0,0.0,0.0,6.0,0.0,0.0,0.0,3.0,25.0,3.0,2.0,33.0,33.0,33.0,33.0,33.0
1131,1.0,1.0,23.0,7.0,3.0,0.0,1.0,5.0,28.0,0.0,2.0,0.0,0.0,3.0,0.0,0.0,0.0,2.0,28.0,4.0,1.0,35.0,35.0,35.0,35.0,35.0
1132,2.0,0.0,83.0,9.0,10.0,0.0,2.0,0.0,101.0,1.0,1.0,1.0,0.0,9.0,0.0,2.0,0.0,2.0,77.0,23.0,2.0,104.0,104.0,104.0,104.0,104.0
1133,8.0,0.0,73.0,18.0,4.0,0.0,8.0,0.0,102.0,0.0,1.0,0.0,0.0,10.0,0.0,4.0,0.0,1.0,83.0,11.0,8.0,103.0,103.0,103.0,103.0,103.0
1134,0.0,6.0,107.0,38.0,7.0,0.0,0.0,4.0,150.0,0.0,1.0,3.0,0.0,13.0,0.0,0.0,0.0,19.0,112.0,27.0,0.0,158.0,158.0,158.0,158.0,158.0
1135,6.0,2.0,85.0,17.0,3.0,0.0,6.0,3.0,110.0,0.0,0.0,0.0,0.0,12.0,0.0,2.0,0.0,2.0,91.0,14.0,6.0,113.0,113.0,113.0,113.0,113.0
1211,5.0,0.0,19.0,7.0,7.0,0.0,5.0,7.0,23.0,0.0,8.0,0.0,0.0,9.0,1.0,0.0,0.0,5.0,17.0,11.0,5.0,38.0,38.0,38.0,38.0,38.0
1212,0.0,0.0,29.0,13.0,4.0,0.0,0.0,19.0,17.0,0.0,10.0,0.0,0.0,4.0,1.0,0.0,0.0,1.0,37.0,8.0,0.0,46.0,46.0,46.0,46.0,46.0
1213,1.0,2.0,35.0,5.0,3.0,0.0,1.0,14.0,24.0,0.0,8.0,0.0,0.0,4.0,0.0,0.0,0.0,7.0,34.0,4.0,1.0,46.0,46.0,46.0,46.0,46.0
1214,0.0,0.0,0.0,3.0,0.0,0.0,0.0,0.0,0.0,0.0,3.0,0.0,0.0,0.0,0.0,0.0,0.0,0.0,2.0,1.0,0.0,3.0,3.0,3.0,3.0,3.0
1215,0.0,0.0,7.0,2.0,0.0,0.0,0.0,1.0,4.0,0.0,4.0,0.0,0.0,0.0,0.0,0.0,0.0,1.0,7.0,1.0,0.0,9.0,9.0,9.0,9.0,9.0
1221,0.0,0.0,5.0,2.0,0.0,0.0,0.0,0.0,7.0,0.0,0.0,0.0,0.0,1.0,0.0,0.0,0.0,0.0,6.0,1.0,0.0,7.0,7.0,7.0,7.0,7.0
1222,3.0,2.0,22.0,4.0,2.0,0.0,3.0,24.0,6.0,0.0,2.0,0.0,1.0,2.0,0.0,2.0,0.0,2.0,25.0,3.0,3.0,33.0,33.0,33.0,33.0,33.0
1223,7.0,0.0,21.0,4.0,6.0,0.0,7.0,15.0,8.0,0.0,15.0,0.0,0.0,8.0,2.0,0.0,0.0,1.0,22.0,8.0,7.0,38.0,38.0,38.0,38.0,38.0
1224,0.0,0.0,6.0,4.0,1.0,0.0,0.0,2.0,7.0,0.0,2.0,0.0,0.0,0.0,0.0,0.0,0.0,0.0,8.0,3.0,0.0,11.0,11.0,11.0,11.0,11.0
1225,1.0,0.0,6.0,0.0,0.0,0.0,1.0,0.0,7.0,0.0,0.0,0.0,0.0,2.0,0.0,0.0,0.0,0.0,5.0,1.0,1.0,7.0,7.0,7.0,7.0,7.0
1231,0.0,0.0,26.0,0.0,7.0,0.0,0.0,2.0,29.0,0.0,2.0,0.0,0.0,1.0,0.0,0.0,0.0,4.0,21.0,8.0,0.0,33.0,33.0,33.0,33.0,33.0
1232,0.0,0.0,12.0,1.0,2.0,0.0,0.0,1.0,9.0,1.0,4.0,0.0,0.0,2.0,0.0,0.0,0.0,2.0,11.0,2.0,0.0,15.0,15.0,15.0,15.0,15.0
1233,2.0,0.0,12.0,5.0,0.0,0.0,2.0,13.0,5.0,0.0,1.0,0.0,0.0,3.0,0.0,0.0,0.0,2.0,14.0,1.0,2.0,19.0,19.0,19.0,19.0,19.0
1234,5.0,0.0,8.0,1.0,0.0,0.0,5.0,12.0,0.0,0.0,0.0,2.0,0.0,4.0,2.0,0.0,0.0,0.0,8.0,1.0,5.0,14.0,14.0,14.0,14.0,14.0
1235,2.0,0.0,9.0,0.0,0.0,0.0,2.0,6.0,5.0,0.0,0.0,0.0,0.0,2.0,0.0,0.0,0.0,0.0,9.0,0.0,2.0,11.0,11.0,11.0,11.0,11.0
1311,,,,,,,,,,,,,,,,,,,,,,,,,23.0,
1312,,,,,,,,,,,,,,,,,,,,,,,,,16.0,
1313,,,,,,,,,,,,,,,,,,,,,,,,,20.0,
1322,,,,,,,,,,,,,,,,,,,,,,,,,22.0,
1323,,,,,,,,,,,,,,,,,,,,,,,,,17.0,
1324,,,,,,,,,,,,,,,,,,,,,,,,,20.0,
1331,,,,,,,,,,,,,,,,,,,,,,,,,19.0,
1332,,,,,,,,,,,,,,,,,,,,,,,,,31.0,
1333,,,,,,,,,,,,,,,,,,,,,,,,,24.0,
1411,0.0,1.0,18.0,7.0,0.0,0.0,0.0,13.0,4.0,0.0,7.0,2.0,0.0,1.0,0.0,0.0,0.0,2.0,24.0,0.0,0.0,26.0,26.0,26.0,26.0,26.0
1412,0.0,0.0,11.0,5.0,4.0,0.0,0.0,13.0,5.0,0.0,2.0,0.0,0.0,3.0,0.0,0.0,0.0,0.0,14.0,6.0,0.0,20.0,20.0,20.0,20.0,20.0
1413,2.0,0.0,17.0,1.0,4.0,0.0,2.0,20.0,1.0,0.0,3.0,0.0,0.0,2.0,0.0,1.0,0.0,2.0,16.0,4.0,2.0,24.0,24.0,24.0,24.0,24.0
1414,0.0,0.0,20.0,10.0,5.0,0.0,0.0,21.0,10.0,2.0,2.0,0.0,0.0,6.0,0.0,0.0,0.0,3.0,22.0,10.0,0.0,35.0,35.0,35.0,35.0,35.0
1421,0.0,0.0,21.0,6.0,4.0,0.0,0.0,16.0,13.0,0.0,0.0,2.0,0.0,0.0,0.0,0.0,0.0,0.0,26.0,5.0,0.0,31.0,31.0,31.0,31.0,31.0
1422,0.0,0.0,41.0,6.0,3.0,0.0,0.0,36.0,11.0,0.0,3.0,0.0,0.0,8.0,0.0,0.0,0.0,5.0,39.0,6.0,0.0,50.0,50.0,50.0,50.0,50.0
1423,2.0,1.0,48.0,9.0,4.0,0.0,2.0,31.0,29.0,0.0,4.0,0.0,0.0,4.0,0.0,2.0,0.0,5.0,49.0,8.0,2.0,64.0,64.0,64.0,64.0,64.0
1424,2.0,0.0,23.0,15.0,5.0,0.0,2.0,12.0,14.0,0.0,19.0,0.0,0.0,6.0,1.0,0.0,0.0,0.0,33.0,10.0,2.0,45.0,45.0,45.0,45.0,45.0
1431,2.0,0.0,26.0,1.0,1.0,0.0,2.0,20.0,3.0,0.0,7.0,0.0,0.0,2.0,0.0,0.0,0.0,0.0,27.0,1.0,2.0,30.0,30.0,30.0,30.0,30.0
1432,0.0,0.0,12.0,9.0,1.0,0.0,0.0,6.0,5.0,0.0,11.0,0.0,0.0,3.0,0.0,0.0,0.0,0.0,17.0,5.0,0.0,22.0,22.0,22.0,22.0,22.0
1433,2.0,0.0,15.0,10.0,2.0,0.0,2.0,14.0,12.0,0.0,3.0,0.0,0.0,5.0,0.0,0.0,0.0,2.0,18.0,7.0,2.0,29.0,29.0,29.0,29.0,29.0
1434,1.0,0.0,26.0,9.0,7.0,0.0,1.0,17.0,4.0,0.0,20.0,2.0,0.0,1.0,1.0,0.0,0.0,5.0,27.0,10.0,1.0,43.0,43.0,43.0,43.0,43.0
1511,1.0,1.0,47.0,3.0,4.0,0.0,1.0,0.0,53.0,1.0,0.0,2.0,0.0,12.0,0.0,0.0,0.0,6.0,34.0,15.0,1.0,56.0,56.0,56.0,56.0,56.0
1512,0.0,0.0,32.0,10.0,5.0,0.0,0.0,0.0,46.0,0.0,1.0,0.0,0.0,5.0,1.0,0.0,0.0,3.0,32.0,12.0,0.0,47.0,47.0,47.0,47.0,47.0
1513,3.0,1.0,35.0,11.0,5.0,0.0,3.0,5.0,48.0,2.0,0.0,0.0,0.0,5.0,0.0,1.0,0.0,7.0,35.0,10.0,3.0,55.0,55.0,55.0,55.0,55.0
1522,11.0,0.0,82.0,16.0,10.0,0.0,11.0,0.0,118.0,0.0,1.0,0.0,0.0,20.0,3.0,2.0,0.0,6.0,76.0,26.0,11.0,119.0,119.0,119.0,119.0,119.0
1523,1.0,0.0,43.0,12.0,4.0,0.0,1.0,0.0,59.0,0.0,1.0,0.0,0.0,7.0,0.0,0.0,0.0,5.0,38.0,16.0,1.0,60.0,60.0,60.0,60.0,60.0
1524,3.0,0.0,56.0,10.0,6.0,0.0,3.0,1.0,72.0,0.0,2.0,0.0,0.0,15.0,0.0,0.0,0.0,5.0,46.0,21.0,3.0,75.0,75.0,75.0,75.0,75.0
1531,2.0,0.0,91.0,15.0,5.0,0.0,2.0,8.0,102.0,1.0,2.0,0.0,0.0,14.0,1.0,1.0,0.0,5.0,85.0,21.0,2.0,113.0,113.0,113.0,113.0,113.0
1532,7.0,0.0,66.0,9.0,7.0,0.0,7.0,2.0,83.0,0.0,2.0,2.0,0.0,7.0,2.0,0.0,0.0,9.0,60.0,13.0,7.0,89.0,89.0,89.0,89.0,89.0
1533,9.0,1.0,88.0,21.0,18.0,0.0,9.0,2.0,128.0,1.0,3.0,3.0,0.0,15.0,0.0,4.0,0.0,9.0,84.0,35.0,9.0,137.0,137.0,137.0,137.0,137.0
1611,1.0,0.0,7.0,3.0,0.0,0.0,1.0,0.0,0.0,0.0,11.0,0.0,0.0,2.0,0.0,0.0,0.0,1.0,8.0,1.0,1.0,11.0,11.0,11.0,11.0,11.0
1612,0.0,0.0,8.0,1.0,1.0,0.0,0.0,3.0,0.0,0.0,7.0,0.0,0.0,0.0,0.0,0.0,0.0,1.0,7.0,2.0,0.0,10.0,10.0,10.0,10.0,10.0
1613,0.0,1.0,5.0,0.0,1.0,0.0,0.0,0.0,0.0,0.0,7.0,0.0,0.0,0.0,0.0,0.0,0.0,1.0,5.0,1.0,0.0,7.0,7.0,7.0,7.0,7.0
1614,1.0,3.0,6.0,2.0,0.0,0.0,1.0,1.0,0.0,2.0,9.0,0.0,0.0,1.0,0.0,0.0,0.0,3.0,8.0,0.0,1.0,12.0,12.0,12.0,12.0,12.0
1621,0.0,0.0,0.0,0.0,0.0,0.0,0.0,0.0,0.0,0.0,0.0,0.0,0.0,0.0,0.0,0.0,0.0,0.0,0.0,0.0,0.0,0.0,0.0,0.0,,0.0
1622,0.0,0.0,22.0,5.0,6.0,0.0,0.0,15.0,0.0,0.0,16.0,2.0,0.0,4.0,0.0,0.0,0.0,0.0,23.0,10.0,0.0,33.0,33.0,33.0,33.0,33.0
1623,1.0,4.0,22.0,13.0,3.0,0.0,1.0,18.0,2.0,0.0,23.0,0.0,0.0,4.0,0.0,0.0,0.0,8.0,27.0,7.0,1.0,43.0,43.0,43.0,43.0,43.0
1624,0.0,0.0,32.0,1.0,3.0,0.0,0.0,20.0,0.0,0.0,16.0,0.0,0.0,1.0,0.0,0.0,0.0,0.0,32.0,4.0,0.0,36.0,36.0,36.0,36.0,36.0
1631,1.0,4.0,9.0,5.0,1.0,0.0,1.0,6.0,1.0,0.0,13.0,0.0,0.0,3.0,0.0,0.0,0.0,5.0,12.0,2.0,1.0,20.0,20.0,20.0,20.0,20.0
1632,0.0,0.0,4.0,1.0,1.0,0.0,0.0,2.0,0.0,0.0,4.0,0.0,0.0,0.0,0.0,0.0,0.0,1.0,4.0,1.0,0.0,6.0,6.0,6.0,6.0,6.0
1633,7.0,1.0,20.0,7.0,0.0,0.0,7.0,11.0,0.0,0.0,23.0,1.0,0.0,10.0,2.0,0.0,0.0,3.0,19.0,6.0,7.0,35.0,35.0,35.0,35.0,35.0
1634,0.0,1.0,30.0,5.0,2.0,0.0,0.0,20.0,8.0,0.0,10.0,0.0,0.0,6.0,0.0,0.0,0.0,1.0,28.0,9.0,0.0,38.0,38.0,38.0,38.0,38.0
1651,,,,,,,,,,,,,,,,,,,,,,,,,8.0,
1653,,,,,,,,,,,,,,,,,,,,,,,,,3.0,
1654,0.0,0.0,3.0,0.0,0.0,0.0,0.0,0.0,0.0,0.0,3.0,0.0,0.0,0.0,0.0,0.0,0.0,0.0,3.0,0.0,0.0,3.0,3.0,3.0,3.0,3.0
1711,0.0,0.0,9.0,4.0,0.0,0.0,0.0,2.0,3.0,0.0,8.0,0.0,0.0,2.0,0.0,0.0,0.0,0.0,11.0,2.0,0.0,13.0,13.0,13.0,13.0,13.0
1712,7.0,0.0,11.0,3.0,2.0,0.0,7.0,7.0,5.0,0.0,8.0,3.0,0.0,6.0,0.0,4.0,0.0,0.0,11.0,5.0,7.0,23.0,23.0,23.0,23.0,23.0
1713,1.0,0.0,17.0,7.0,3.0,0.0,1.0,12.0,5.0,2.0,9.0,0.0,0.0,4.0,0.0,0.0,0.0,0.0,20.0,7.0,1.0,28.0,28.0,28.0,28.0,28.0
1722,1.0,0.0,19.0,10.0,0.0,0.0,1.0,13.0,7.0,1.0,9.0,0.0,0.0,1.0,0.0,0.0,0.0,3.0,26.0,0.0,1.0,30.0,30.0,30.0,30.0,30.0
1723,0.0,3.0,27.0,11.0,6.0,0.0,0.0,17.0,13.0,0.0,16.0,1.0,0.0,1.0,0.0,0.0,0.0,4.0,36.0,7.0,0.0,47.0,47.0,47.0,47.0,47.0
1724,2.0,0.0,13.0,10.0,1.0,0.0,2.0,12.0,7.0,1.0,6.0,0.0,0.0,5.0,0.0,2.0,0.0,0.0,15.0,9.0,2.0,26.0,26.0,26.0,26.0,26.0
1731,0.0,0.0,16.0,5.0,5.0,0.0,0.0,18.0,0.0,1.0,7.0,0.0,0.0,7.0,0.0,0.0,0.0,0.0,14.0,12.0,0.0,26.0,26.0,26.0,26.0,26.0
1732,0.0,0.0,8.0,2.0,3.0,0.0,0.0,7.0,2.0,1.0,3.0,0.0,0.0,0.0,0.0,0.0,0.0,2.0,7.0,4.0,0.0,13.0,13.0,13.0,13.0,13.0
1733,1.0,0.0,11.0,0.0,4.0,0.0,1.0,5.0,4.0,0.0,6.0,1.0,0.0,1.0,0.0,0.0,0.0,1.0,10.0,4.0,1.0,16.0,16.0,16.0,16.0,16.0
1811,0.0,0.0,13.0,0.0,0.0,0.0,0.0,1.0,5.0,0.0,7.0,0.0,0.0,0.0,0.0,0.0,0.0,1.0,12.0,0.0,0.0,13.0,13.0,13.0,13.0,13.0
1812,0.0,1.0,13.0,1.0,6.0,0.0,0.0,6.0,7.0,0.0,8.0,0.0,0.0,1.0,1.0,0.0,0.0,2.0,11.0,8.0,0.0,21.0,21.0,21.0,21.0,21.0
1813,0.0,0.0,6.0,0.0,0.0,0.0,0.0,0.0,6.0,0.0,0.0,0.0,0.0,0.0,0.0,0.0,0.0,1.0,4.0,1.0,0.0,6.0,6.0,6.0,6.0,6.0
1814,2.0,0.0,15.0,4.0,0.0,0.0,2.0,1.0,14.0,2.0,3.0,1.0,0.0,4.0,0.0,0.0,0.0,0.0,15.0,4.0,2.0,21.0,21.0,21.0,21.0,21.0
1821,0.0,0.0,40.0,3.0,3.0,0.0,0.0,0.0,39.0,1.0,3.0,3.0,0.0,2.0,0.0,0.0,0.0,9.0,32.0,5.0,0.0,46.0,46.0,46.0,46.0,46.0
1822,2.0,1.0,34.0,6.0,4.0,0.0,2.0,7.0,26.0,3.0,11.0,0.0,0.0,4.0,0.0,0.0,0.0,7.0,32.0,6.0,2.0,47.0,47.0,47.0,47.0,47.0
1823,0.0,0.0,34.0,6.0,4.0,0.0,0.0,2.0,42.0,0.0,0.0,0.0,0.0,3.0,0.0,0.0,0.0,2.0,33.0,9.0,0.0,44.0,44.0,44.0,44.0,44.0
1824,1.0,0.0,74.0,23.0,10.0,0.0,1.0,28.0,33.0,2.0,44.0,1.0,0.0,9.0,0.0,0.0,0.0,1.0,90.0,16.0,1.0,108.0,108.0,108.0,108.0,108.0
1831,1.0,0.0,63.0,12.0,11.0,0.0,1.0,8.0,32.0,3.0,39.0,5.0,0.0,4.0,0.0,1.0,0.0,2.0,70.0,14.0,1.0,87.0,87.0,87.0,87.0,87.0
1832,2.0,2.0,33.0,4.0,2.0,0.0,2.0,8.0,19.0,3.0,12.0,1.0,0.0,0.0,0.0,2.0,0.0,4.0,35.0,2.0,2.0,43.0,43.0,43.0,43.0,43.0
1833,1.0,1.0,17.0,2.0,3.0,0.0,1.0,0.0,20.0,0.0,2.0,2.0,0.0,1.0,0.0,0.0,0.0,3.0,17.0,3.0,1.0,24.0,24.0,24.0,24.0,24.0
1834,0.0,0.0,19.0,6.0,3.0,0.0,0.0,9.0,8.0,0.0,8.0,3.0,0.0,3.0,0.0,0.0,0.0,3.0,19.0,6.0,0.0,28.0,28.0,28.0,28.0,28.0
1911,0.0,0.0,12.0,2.0,0.0,0.0,0.0,2.0,5.0,0.0,5.0,0.0,2.0,0.0,0.0,0.0,0.0,1.0,13.0,0.0,0.0,14.0,14.0,14.0,14.0,14.0
1912,0.0,0.0,5.0,3.0,1.0,0.0,0.0,1.0,2.0,0.0,5.0,0.0,1.0,0.0,0.0,0.0,0.0,0.0,8.0,1.0,0.0,9.0,9.0,9.0,9.0,9.0
1913,1.0,0.0,32.0,7.0,1.0,0.0,1.0,15.0,18.0,0.0,7.0,1.0,0.0,4.0,0.0,0.0,0.0,4.0,31.0,5.0,1.0,41.0,41.0,41.0,41.0,41.0
1914,0.0,2.0,12.0,3.0,2.0,0.0,0.0,4.0,9.0,0.0,6.0,0.0,0.0,5.0,0.0,0.0,0.0,3.0,10.0,6.0,0.0,19.0,19.0,19.0,19.0,19.0
1915,0.0,0.0,2.0,1.0,1.0,0.0,0.0,2.0,0.0,0.0,2.0,0.0,0.0,0.0,0.0,0.0,0.0,0.0,3.0,1.0,0.0,4.0,4.0,4.0,4.0,4.0
1921,0.0,2.0,8.0,1.0,0.0,0.0,0.0,5.0,1.0,0.0,5.0,0.0,0.0,0.0,0.0,0.0,0.0,3.0,8.0,0.0,0.0,11.0,11.0,11.0,11.0,11.0
1922,0.0,0.0,6.0,1.0,0.0,0.0,0.0,4.0,2.0,0.0,1.0,0.0,0.0,1.0,0.0,1.0,0.0,0.0,5.0,2.0,0.0,7.0,7.0,7.0,7.0,7.0
1923,0.0,0.0,38.0,1.0,7.0,0.0,0.0,12.0,14.0,2.0,18.0,0.0,0.0,4.0,0.0,0.0,0.0,5.0,31.0,10.0,0.0,46.0,46.0,46.0,46.0,46.0
1924,0.0,1.0,37.0,6.0,1.0,0.0,0.0,5.0,18.0,2.0,19.0,0.0,1.0,1.0,0.0,0.0,0.0,5.0,38.0,2.0,0.0,45.0,45.0,45.0,45.0,45.0
1925,0.0,0.0,7.0,1.0,0.0,0.0,0.0,0.0,6.0,0.0,2.0,0.0,0.0,1.0,0.0,0.0,0.0,1.0,6.0,1.0,0.0,8.0,8.0,8.0,8.0,8.0
1931,0.0,0.0,13.0,5.0,0.0,0.0,0.0,4.0,6.0,0.0,6.0,2.0,0.0,0.0,0.0,0.0,0.0,0.0,18.0,0.0,0.0,18.0,18.0,18.0,18.0,18.0
1932,0.0,0.0,16.0,5.0,1.0,0.0,0.0,4.0,7.0,0.0,11.0,0.0,0.0,6.0,0.0,0.0,0.0,2.0,13.0,7.0,0.0,22.0,22.0,22.0,22.0,22.0
1933,1.0,0.0,11.0,2.0,0.0,0.0,1.0,2.0,4.0,0.0,7.0,1.0,0.0,2.0,0.0,0.0,0.0,0.0,11.0,2.0,1.0,14.0,14.0,14.0,14.0,14.0
1934,0.0,0.0,3.0,0.0,0.0,0.0,0.0,2.0,0.0,0.0,1.0,0.0,0.0,0.0,0.0,0.0,0.0,1.0,2.0,0.0,0.0,3.0,3.0,3.0,3.0,3.0
1935,1.0,0.0,2.0,1.0,0.0,0.0,1.0,0.0,3.0,0.0,1.0,0.0,0.0,0.0,1.0,0.0,0.0,0.0,2.0,1.0,1.0,4.0,4.0,4.0,4.0,4.0
2011,2.0,4.0,22.0,10.0,1.0,0.0,2.0,6.0,9.0,6.0,18.0,0.0,0.0,7.0,0.0,0.0,0.0,8.0,22.0,7.0,2.0,39.0,39.0,39.0,39.0,39.0
2012,0.0,1.0,8.0,1.0,2.0,0.0,0.0,2.0,7.0,0.0,3.0,0.0,0.0,1.0,0.0,0.0,0.0,3.0,6.0,3.0,0.0,12.0,12.0,12.0,12.0,12.0
2013,1.0,0.0,7.0,3.0,0.0,0.0,1.0,0.0,10.0,0.0,1.0,0.0,0.0,2.0,0.0,0.0,0.0,0.0,9.0,1.0,1.0,11.0,11.0,11.0,11.0,11.0
2022,0.0,0.0,16.0,7.0,0.0,0.0,0.0,2.0,15.0,0.0,6.0,0.0,0.0,1.0,0.0,0.0,0.0,0.0,22.0,1.0,0.0,23.0,23.0,23.0,23.0,23.0
2023,1.0,0.0,10.0,5.0,2.0,0.0,1.0,1.0,12.0,0.0,3.0,1.0,1.0,6.0,1.0,0.0,0.0,0.0,9.0,8.0,1.0,18.0,18.0,18.0,18.0,18.0
2024,1.0,3.0,28.0,7.0,0.0,0.0,1.0,6.0,25.0,2.0,5.0,1.0,0.0,8.0,0.0,0.0,0.0,8.0,24.0,6.0,1.0,39.0,39.0,39.0,39.0,39.0
2031,0.0,2.0,5.0,0.0,0.0,0.0,0.0,3.0,0.0,2.0,2.0,0.0,0.0,2.0,0.0,0.0,0.0,2.0,2.0,3.0,0.0,7.0,7.0,7.0,7.0,7.0
2032,0.0,0.0,4.0,2.0,2.0,0.0,0.0,5.0,3.0,0.0,0.0,0.0,0.0,0.0,0.0,0.0,0.0,0.0,6.0,2.0,0.0,8.0,8.0,8.0,8.0,8.0
2033,0.0,0.0,12.0,6.0,0.0,0.0,0.0,3.0,4.0,4.0,7.0,0.0,0.0,0.0,0.0,0.0,0.0,2.0,14.0,2.0,0.0,18.0,18.0,18.0,18.0,18.0
2111,,,,,,,,,,,,,,,,,,,,,,,,,12.0,
2112,,,,,,,,,,,,,,,,,,,,,,,,,28.0,
2113,,,,,,,,,,,,,,,,,,,,,,,,,22.0,
2122,,,,,,,,,,,,,,,,,,,,,,,,,17.0,
2123,,,,,,,,,,,,,,,,,,,,,,,,,21.0,
2124,,,,,,,,,,,,,,,,,,,,,,,,,14.0,
2131,,,,,,,,,,,,,,,,,,,,,,,,,4.0,
2132,,,,,,,,,,,,,,,,,,,,,,,,,20.0,
2211,10.0,0.0,6.0,4.0,3.0,0.0,10.0,1.0,4.0,0.0,18.0,0.0,0.0,5.0,6.0,1.0,0.0,0.0,9.0,4.0,10.0,23.0,23.0,23.0,23.0,23.0
2212,0.0,3.0,10.0,1.0,4.0,0.0,0.0,3.0,10.0,0.0,4.0,1.0,0.0,2.0,0.0,0.0,0.0,3.0,10.0,5.0,0.0,18.0,18.0,18.0,18.0,18.0
2213,2.0,0.0,20.0,3.0,2.0,0.0,2.0,0.0,24.0,0.0,3.0,0.0,0.0,4.0,0.0,0.0,0.0,2.0,19.0,4.0,2.0,27.0,27.0,27.0,27.0,27.0
2221,7.0,0.0,19.0,5.0,6.0,0.0,7.0,0.0,36.0,0.0,0.0,1.0,0.0,5.0,0.0,3.0,0.0,0.0,22.0,8.0,7.0,37.0,37.0,37.0,37.0,37.0
2222,1.0,0.0,28.0,2.0,2.0,0.0,1.0,0.0,31.0,0.0,0.0,2.0,0.0,4.0,0.0,0.0,0.0,1.0,25.0,6.0,1.0,33.0,33.0,33.0,33.0,33.0
2223,11.0,0.0,21.0,1.0,2.0,0.0,11.0,0.0,35.0,0.0,0.0,0.0,0.0,10.0,0.0,4.0,0.0,0.0,16.0,8.0,11.0,35.0,35.0,35.0,35.0,35.0
2232,3.0,0.0,18.0,0.0,1.0,0.0,3.0,3.0,16.0,0.0,2.0,1.0,0.0,4.0,0.0,1.0,0.0,0.0,15.0,4.0,3.0,22.0,22.0,22.0,22.0,22.0
2233,2.0,1.0,16.0,2.0,1.0,0.0,2.0,0.0,22.0,0.0,0.0,0.0,0.0,3.0,0.0,0.0,0.0,2.0,17.0,1.0,2.0,22.0,22.0,22.0,22.0,22.0
2234,0.0,0.0,24.0,3.0,2.0,0.0,0.0,0.0,29.0,0.0,0.0,0.0,0.0,1.0,0.0,0.0,0.0,0.0,25.0,4.0,0.0,29.0,29.0,29.0,29.0,29.0
2311,,,,,,,,,,,,,,,,,,,,,,,,,32.0,
2312,,,,,,,,,,,,,,,,,,,,,,,,,23.0,
2313,,,,,,,,,,,,,,,,,,,,,,,,,24.0,
2322,,,,,,,,,,,,,,,,,,,,,,,,,13.0,
2323,,,,,,,,,,,,,,,,,,,,,,,,,8.0,
2324,,,,,,,,,,,,,,,,,,,,,,,,,45.0,
2331,,,,,,,,,,,,,,,,,,,,,,,,,25.0,
2332,,,,,,,,,,,,,,,,,,,,,,,,,29.0,
2333,,,,,,,,,,,,,,,,,,,,,,,,,8.0,
2411,0.0,0.0,17.0,2.0,5.0,0.0,0.0,10.0,8.0,0.0,6.0,0.0,0.0,2.0,0.0,0.0,0.0,0.0,17.0,7.0,0.0,24.0,24.0,24.0,24.0,24.0
2412,1.0,0.0,24.0,6.0,1.0,0.0,1.0,10.0,8.0,5.0,5.0,4.0,0.0,5.0,0.0,0.0,0.0,2.0,24.0,5.0,1.0,32.0,32.0,32.0,32.0,32.0
2413,0.0,0.0,30.0,10.0,3.0,0.0,0.0,15.0,10.0,1.0,15.0,2.0,0.0,6.0,1.0,0.0,0.0,2.0,28.0,13.0,0.0,43.0,43.0,43.0,43.0,43.0
2422,3.0,0.0,74.0,15.0,6.0,0.0,3.0,9.0,78.0,3.0,7.0,1.0,0.0,9.0,2.0,0.0,0.0,2.0,77.0,16.0,3.0,98.0,98.0,98.0,98.0,98.0
2423,3.0,0.0,21.0,9.0,4.0,0.0,3.0,3.0,29.0,0.0,5.0,0.0,0.0,4.0,2.0,0.0,0.0,0.0,25.0,9.0,3.0,37.0,37.0,37.0,37.0,37.0
2424,1.0,0.0,37.0,5.0,4.0,0.0,1.0,12.0,27.0,1.0,7.0,0.0,0.0,4.0,0.0,0.0,0.0,2.0,36.0,8.0,1.0,47.0,47.0,47.0,47.0,47.0
2431,2.0,0.0,24.0,6.0,2.0,0.0,2.0,9.0,14.0,0.0,11.0,0.0,0.0,4.0,0.0,0.0,0.0,0.0,28.0,4.0,2.0,34.0,34.0,34.0,34.0,34.0
2432,0.0,0.0,46.0,9.0,6.0,0.0,0.0,7.0,42.0,2.0,6.0,4.0,0.0,1.0,1.0,0.0,0.0,10.0,41.0,10.0,0.0,61.0,61.0,61.0,61.0,61.0
2433,2.0,0.0,31.0,10.0,7.0,0.0,2.0,10.0,33.0,0.0,7.0,0.0,0.0,3.0,1.0,1.0,0.0,0.0,37.0,11.0,2.0,50.0,50.0,50.0,50.0,50.0
2511,0.0,0.0,18.0,1.0,3.0,0.0,0.0,9.0,0.0,0.0,13.0,0.0,0.0,3.0,1.0,0.0,0.0,0.0,18.0,4.0,0.0,22.0,22.0,22.0,22.0,22.0
2512,0.0,2.0,37.0,13.0,2.0,0.0,0.0,30.0,15.0,0.0,7.0,2.0,0.0,7.0,1.0,0.0,0.0,5.0,36.0,13.0,0.0,54.0,54.0,54.0,54.0,54.0
2513,2.0,0.0,6.0,2.0,1.0,0.0,2.0,4.0,6.0,0.0,1.0,0.0,0.0,4.0,0.0,0.0,0.0,2.0,5.0,2.0,2.0,11.0,11.0,11.0,11.0,11.0
2514,3.0,0.0,32.0,4.0,2.0,0.0,3.0,18.0,0.0,0.0,21.0,2.0,0.0,6.0,0.0,0.0,0.0,2.0,30.0,6.0,3.0,41.0,41.0,41.0,41.0,41.0
2515,0.0,1.0,59.0,16.0,9.0,0.0,0.0,48.0,21.0,1.0,11.0,4.0,0.0,9.0,0.0,1.0,0.0,11.0,56.0,18.0,0.0,85.0,85.0,85.0,85.0,85.0
2521,2.0,0.0,27.0,12.0,6.0,0.0,2.0,37.0,3.0,0.0,7.0,0.0,0.0,10.0,0.0,0.0,0.0,3.0,30.0,12.0,2.0,47.0,47.0,47.0,47.0,47.0
2522,3.0,0.0,18.0,4.0,0.0,0.0,3.0,19.0,6.0,0.0,0.0,0.0,0.0,3.0,1.0,0.0,0.0,2.0,18.0,2.0,3.0,25.0,25.0,25.0,25.0,25.0
2523,1.0,0.0,22.0,9.0,2.0,0.0,1.0,23.0,1.0,0.0,10.0,0.0,0.0,6.0,0.0,0.0,0.0,6.0,19.0,8.0,1.0,34.0,34.0,34.0,34.0,34.0
2524,4.0,0.0,28.0,4.0,2.0,0.0,4.0,29.0,4.0,0.0,5.0,0.0,0.0,11.0,0.0,1.0,0.0,0.0,25.0,9.0,4.0,38.0,38.0,38.0,38.0,38.0
2525,2.0,1.0,23.0,3.0,9.0,0.0,2.0,31.0,6.0,0.0,1.0,0.0,0.0,10.0,0.0,0.0,0.0,1.0,21.0,14.0,2.0,38.0,38.0,38.0,38.0,38.0
2531,1.0,0.0,33.0,3.0,1.0,0.0,1.0,2.0,33.0,0.0,3.0,0.0,0.0,7.0,1.0,0.0,0.0,0.0,27.0,10.0,1.0,38.0,38.0,38.0,38.0,38.0
2532,3.0,0.0,23.0,12.0,1.0,0.0,3.0,0.0,35.0,0.0,4.0,0.0,0.0,9.0,0.0,0.0,0.0,3.0,26.0,7.0,3.0,39.0,39.0,39.0,39.0,39.0
2533,4.0,1.0,56.0,11.0,9.0,0.0,4.0,29.0,50.0,0.0,2.0,0.0,0.0,12.0,0.0,0.0,0.0,7.0,50.0,20.0,4.0,81.0,81.0,81.0,81.0,81.0
2534,5.0,0.0,49.0,9.0,6.0,0.0,5.0,30.0,39.0,0.0,0.0,0.0,0.0,8.0,0.0,1.0,0.0,2.0,50.0,12.0,5.0,69.0,69.0,69.0,69.0,69.0
2535,4.0,0.0,44.0,7.0,2.0,0.0,4.0,30.0,20.0,0.0,5.0,2.0,0.0,12.0,0.0,0.0,0.0,2.0,42.0,9.0,4.0,57.0,57.0,57.0,57.0,57.0
3100,7.0,0.0,35.0,3.0,2.0,0.0,7.0,4.0,36.0,1.0,6.0,0.0,0.0,11.0,0.0,0.0,0.0,4.0,29.0,7.0,7.0,47.0,47.0,47.0,47.0,47.0
